text,place_id
–û–±—Å–ª—É–∂–∏–≤–∞–Ω–∏–µ —É–∂–∞—Å–Ω–æ–µ. –†–∞–∑–º–µ–Ω–∞ –Ω–µ—Ç. –ú–Ω–µ –æ—Ç–∫–∞–∑–∞–ª–∏ –≤ –ø–æ–∫—É–ø–∫–µ –ª–µ–∫–∞—Ä—Å—Ç–≤–∞ –ø–æ—Ç–æ–º—É —á—Ç–æ –Ω–µ –±—ã–ª–æ —Å–¥–∞—á–∏. –ö–Ω–∏–≥–∏ –∂–∞–ª–æ–± —Ç–æ–∂–µ –Ω–µ –æ–∫–∞–∑–∞–ª–æ—Å—å –∏ —Ç–µ–ª–µ—Ñ–æ–Ω –Ω–∞—á–∞–ª—å—Å—Ç–≤–∞ —Ñ–∞—Ä–º–∞—Ü–µ–≤—Ç –Ω–µ –∑–Ω–∞–µ—Ç. –ú–æ–∂–µ—Ç –†–æ—Å–ø–æ—Ç—Ä–µ–±–Ω–∞–¥–∑–æ—Ä —É–∑–Ω–∞–µ—Ç –≥–¥–µ —Å—Ç–µ–Ω–¥ –∏–Ω—Ñ–æ—Ä–º–∞—Ü–∏–∏ –ø–æ –¥–∞–Ω–Ω–æ–π –æ—Ä–≥–∞–Ω–∏–∑–∞—Ü–∏–∏ –∏ –Ω–∞–π–¥–µ—Ç —É –Ω–∏—Ö –∫–Ω–∏–≥—É –∂–∞–ª–æ–±,ChIJHxOBRgo7lkYR78K4CG41kKU
–í —ç—Ç–æ–π –∞–ø—Ç–µ–∫–µ –Ω–µ –∑–Ω–∞—é—Ç –∑–∞–∫–æ–Ω–æ–≤ –æ –∑–∞—â–∏—Ç–µ –ø—Ä–∞–≤ –ø–æ—Ç—Ä–µ–±–∏—Ç–µ–ª—è! –û—Ç–∫–∞–∑–∞–ª–∏ –≤ –≤–æ–∑–≤—Ä–∞—Ç–µ —Å—Ä–µ–¥—Å—Ç–≤ –Ω–µ–∑–∞–∫–æ–Ω–Ω–æ!,ChIJY_BLUac7lkYR2b3L0quVx4w
"–ù–µ –æ—á–µ–Ω—å —É–¥–æ–±–Ω–æ–µ —Ä–∞—Å–ø–æ–ª–æ–∂–µ–Ω–∏–µ –≤ —Ç–æ—Ä–≥–æ–≤–æ–º –∫–æ–º–ø–ª–µ–∫—Å–µ —Ç–∏–ø–∞ ""–±—É–±–ª–∏–∫"". –ï—Å–ª–∏ –Ω–µ –º–µ—Å—Ç–Ω—ã–π, —Ç–æ –±–µ–∑ –ø–æ–≤–æ–¥—ã—Ä—è –Ω–µ –Ω–∞–π–¥–µ—à—å. ",ChIJHxOBRgo7lkYR78K4CG41kKU
–•–æ—Ä–æ—à–∏–π –∑–æ–æ–º–∞–≥–∞–∑–∏–Ω,ChIJmwCcQQo7lkYRPUnfYbHZC_I
"–û—Ç–ª–∏—á–Ω–æ–µ –º–µ—Å—Ç–æ, –≥–¥–µ –º–æ–∂–Ω–æ –Ω–µ –¥–æ—Ä–æ–≥–æ –ø–æ—Å–∏–¥–µ—Ç—å, –ø–æ–ø–∏—Ç—å —á–∞–π, –ø–æ–µ—Å—Ç—å –Ω–µ–≤–µ—Ä–æ—è—Ç–Ω–æ –≤–∫—É—Å–Ω–æ–π –≤—ã–ø–µ—á–∫–∏, –∏ –≤–∑—è—Ç—å —Å —Å–æ–±–æ–π –∫–∞–∫–æ–π –Ω–∏–±—É–¥—å –ø–∏—Ä–æ–∂–æ–∫ –ø–æ –æ—á–µ–Ω—å –Ω–∏–∑–∫–æ–π —Ü–µ–Ω–µ.",ChIJ-SCGPwo7lkYR665Y6H8-Q4k
–ù–µ –±—ã–ª,ChIJ-SCGPwo7lkYR665Y6H8-Q4k
–ù–µ–ø–ª–æ—Ö–∞—è –≤—ã–ø–µ—á–∫–∞),ChIJ-SCGPwo7lkYR665Y6H8-Q4k
"–£—é—Ç–Ω–æ, –Ω–µ–¥–æ—Ä–æ–≥–æ! –°–æ–æ—Ç–Ω–æ—à–µ–Ω–∏–µ —Ü–µ–Ω—ã –∏ –∫–∞—á–µ—Å—Ç–≤–∞. –ú–æ–∂–Ω–æ –ø–æ–æ–±–µ–¥–∞—Ç—å, –ø–æ–ø–∏—Ç—å –∫–æ—Ñ–µ, –≤ –ø—Ä–æ–¥–∞–∂–µ –µ—Å—Ç—å –ø–∏–≤–æ. –û—á–µ–Ω—å –ø—Ä–∏–≤–µ—Ç–ª–∏–≤—ã–µ –ø—Ä–æ–¥–∞–≤—Ü—ã.",ChIJ-SCGPwo7lkYR665Y6H8-Q4k
"–û—Ç—Ä–µ–º–æ–Ω—Ç–∏—Ä–æ–≤–∞—Ç—å –Ω–µ–ø–ª–æ—Ö–æ –±—ã–ª–æ –±—ã, –º–æ–Ω—Ç–∞–∂–Ω–æ–π –ø–µ–Ω–æ–π –±–µ—Ç–æ–Ω–Ω—ã–µ —â–µ–ª–∏ –∑–∞–¥–µ–ª—ã–≤–∞—é—Ç –∏ –æ—Ç–ª–∏—á–Ω–æ –≤–∏–¥–∏–º–æ. –ù–∞ –∑–∞–º–µ—Ç–∫—É –∞–¥–º–∏–Ω–∏—Å—Ç—Ä–∞—Ü–∏–∏ –£–ª—å—è–Ω–∫–∞!",ChIJ6409RAo7lkYRJqPM_TWufrQ
"–û—Ç–≤—Ä–∞—Ç–∏—Ç–µ–ª—å–Ω–æ–µ –º–µ—Å—Ç–æ, –∑–∞ –≤—ã—Å–æ–∫–∏–µ —Ç–∞—Ä–∏—Ñ—ã.",ChIJmwCcQQo7lkYRnNUNbJycctE
"–ó–∞–ª –∑–∞–∫—Ä—ã–ª—Å—è, –Ω–æ –±—ã–ª –Ω–µ –ø–ª–æ—Ö–∏–º, —Ö–æ—Ç—å –∏ —Ç–∞—Ä–∏—Ñ—ã –¥–æ—Ä–æ–≥–æ–≤–∞—Ç—ã –∑–∞ –Ω–µ–≥–æ",ChIJmwCcQQo7lkYRnNUNbJycctE
–î—É—à–µ–≤–Ω–æ.,ChIJmwCcQQo7lkYRnNUNbJycctE
"–ù–∞ —Ñ–∏—Ç–Ω–µ—Å –∑–∞–ª –Ω–µ —Ç—è–Ω–µ—Ç, –Ω–æ –µ—Å—Ç—å –≤—Å–µ –Ω–µ–æ–±—Ö–æ–¥–∏–º–æ–µ)",ChIJmwCcQQo7lkYRnNUNbJycctE
"–•–æ—Ä–æ—à–∏–µ —É—Å–ª–æ–≤–∏—è. –ü—Ä–∏—á—Ç–Ω—ã–µ –ª—é–¥–∏. –ù–∞—Ä–æ–¥—É –Ω–µ –æ—á–µ–Ω—å –º–Ω–æ–≥–æ. –ï—Å—Ç—å —à–∫–∞–≤—á–∏–∫–∏. –ú–æ–∂–Ω–æ –¥–∞–∂–µ —Å—É–º–∫—É –æ—Å—Ç–∞–≤–∏—Ç—å. –ï—Å—Ç—å —Å–∞—É–Ω–∞, –¥—É—à, –∑–∞–ª –¥–ª—è –≥—Ä—É–ø–ø–æ–≤—ã—Ö –∑–∞–Ω—è—Ç–∏–π. –ú–∏–Ω—É—Å –≤ –ø–æ—Ç—Ä–µ—Å–∫–∞–≤—à–µ–π—Å—è –ø–ª–∏—Ç–∫–µ, —Å—Ç–∞—Ä—ã—Ö —à—Ç–æ—Ä–∫–∞—Ö –≤ –¥—É—à–µ, –æ—Ç—Å—É—Ç—Å—Ç–≤–∏–µ –∫–æ–Ω–¥–µ—è, –ù–û –ª–∏—á–Ω–æ –º–µ–Ω—è —ç—Ç–æ –Ω–µ —Ä–∞—Å—Å—Ç—Ä–∞–∏–≤–∞–µ—Ç))) –õ—é–±–ª—é —ç—Ç–æ—Ç –∑–∞–ª, —Ö–æ—Ç—å –∏ —Ö–æ–∂—É –Ω–µ –¥–æ–ª–≥–æ.",ChIJmwCcQQo7lkYRnNUNbJycctE
"–ü—Ä–∏—Ç–æ–Ω –¥–ª—è –ª–∏—Ü –∫–∞–≤–∫–∞–∑–∫–æ–π –Ω–∞—Ü–∏–æ–Ω–∞–ª—å–Ω–æ—Å—Ç–∏ –∫–æ—Ç–æ—Ä—ã–µ —Å–∏–¥—è—Ç –∏ –∫—É—Ä—è—Ç –∫–æ–ª—å—è–Ω—ã –∞ –ø–æ—Ç–æ–º –¥–æ–∫–∞–ø—ã–≤–∞—é—Ç—å—Å—è –≤—Å–µ–º —Å—Ç–∞–¥–æ–º –¥–æ –æ–¥–Ω–æ–≥–æ!–±–µ–∑—É–º–Ω—ã–µ —Å—Ç—Ä–∞—à–Ω—ã–µ –±–∞–±—ã –∫–æ—Ç–æ—Ä—ã–µ –≤–∏–∑–∂–∞—Ç –Ω–∞ —Ç–µ—Ä–∞—Å—Å–µ —Å —ç—Ç–∏–º–∏ –∂–µ –∫–∞–≤–∫–∞–∑—Ü–∞–º–∏!–∞–¥–µ–∫–≤–∞—Ç–Ω—ã—Ö –ª—é–¥–µ–π —Ç–∞–º –Ω–µ—Ç ,–∑–∞—Å—Ä–∞–Ω—ã–µ —Ç—É–∞–ª–µ—Ç—ã ,–∫—É—Ö–Ω—è –Ω–∏ ‚Ä¶",ChIJA_AwTgs7lkYRT44RIg8Wob8
–û—Ç–≤—Ä–∞—Ç–∏—Ç–µ–ª—å–Ω–æ,ChIJA_AwTgs7lkYRT44RIg8Wob8
–û—Ç—á—Ç–æ–π,ChIJA_AwTgs7lkYRT44RIg8Wob8
–£–∂–∞—Å –æ—á–µ–Ω—å –≥—Ä–æ–º–∫–∏–µ –≤–µ—á–µ—Ä–∏–Ω–∫–∏ –∏ –º–Ω–æ–≥–æ –¥–µ–±–æ—à–∞ –ø–æ—Å–ª–µ –¥–∏—Å–∫–æ—Ç–µ–∫,ChIJA_AwTgs7lkYRT44RIg8Wob8
"–î–∞–Ω–Ω–æ–µ –∑–∞–≤–µ–¥–µ–Ω–∏–µ —Ä—è–¥–æ–º —Å –¥–æ–º–æ–º, –ø–æ—ç—Ç–æ–º—É –ø–µ—Ä–∏–æ–¥–∏—á–µ—Å–∫–∏ –∑–∞—Ö–æ–¥–∏–º –∏ –ø–æ—Ç–∞–Ω—Ü–µ–≤–∞—Ç—å, –∏ –î–† –æ—Ç–º–µ—á–∞–ª–∏. –ù–æ 23.02.2019–≥. —Ç–∞–º –æ—Ç–º–µ—á–∞–ª–∏ –î–µ–Ω—å –ó–∞—â–∏—Ç–Ω–∏–∫–∞ –û—Ç–µ—á–µ—Å—Ç–≤–∞ –∏ –æ—á–µ–Ω—å —Ä–∞–∑–æ—á–∞—Ä–æ–≤–∞–ª–∏—Å—å. –ú–µ–Ω—é –ø—Ä–∏–Ω–æ—Å—è—Ç –Ω–∞ –∫–∞–∫–∏—Ö-—Ç–æ –ø–æ–º—è—Ç—ã—Ö –æ–≥—Ä—ã–∑–∫–∞—Ö. –í –¥–∞–º—Å–∫–æ–π –∫–æ–º–Ω–∞—Ç–µ –≥–æ—Ä–∏—Ç ‚Ä¶",ChIJA_AwTgs7lkYRT44RIg8Wob8
"–£–∂–∏–Ω–∞–ª–∏ —Å —Å–µ–º—å—ë–π. –•–æ—Ä–æ—à–æ —Ä–∞–±–æ—Ç–∞–µ—Ç –æ—Ñ–∏—Ü–∏–∞–Ω—Ç, –æ–ø–µ—Ä–∞—Ç–∏–≤–Ω–æ, –≤—Å–µ –ø–æ–¥—Å–∫–∞–∑—ã–≤–∞–µ—Ç. –ò–∑ —Å—ä–µ–¥–æ–±–Ω–æ–≥–æ –±—ã–ª–∞ –∫–∞—Ä—Ç–æ—à–∫–∞ —Ñ—Ä–∏ –∏ —à–∞—à–ª—ã–∫ –Ω–∞ —á–µ—Ç–≤–µ—Ä–∫—É, –ê–π–¥–∞—Ö–æ –∏ –º–æ—Ä–æ–∂–µ–Ω–æ–µ. –ù–∞ —ç—Ç–æ–º –ø–ª—é—Å—ã –∑–∞–∫–∞–Ω—á–∏–≤–∞—é—Ç—Å—è. –¢—É—à—ë–Ω—ã–µ –æ–≤–æ—â–∏ –Ω–µ—Å—ä–µ–¥–æ–±–Ω—ã–µ –∞–±—Å–æ–ª—é—Ç–Ω–æ - —É –±–∞–∫–ª–∞–∂–∞–Ω –∫–∞–º–µ–Ω–Ω–∞—è ‚Ä¶",ChIJA_AwTgs7lkYRT44RIg8Wob8
–í—Å–µ —Ö–æ—Ä–æ—à–æ!,ChIJA_AwTgs7lkYRT44RIg8Wob8
"–í –ø—Ä–∏–Ω—Ü–∏–ø–µ –Ω–æ—Ä–º–∞–ª—å–Ω–æ, –Ω–æ –µ—Å—Ç—å –ø–æ—Å–µ—Ç–∏—Ç–µ–ª–∏, –∫–æ—Ç–æ—Ä—ã–µ, –Ω—É –æ—á–µ–Ω—å –º–∞–ª–µ–Ω—å–∫–∏–µ. –ü–æ —Ü–µ–Ω–Ω–∏–∫—É –Ω–µ –¥–æ—Ä–æ–≥–æ",ChIJA_AwTgs7lkYRT44RIg8Wob8
–ù–µ –ø–ª–æ—Ö–æ–µ –∑–∞–≤–µ–¥–µ–Ω–∏–µ –º–æ–∂–Ω–æ –∏ –ø–æ–ø–∏—Ç—å –∏ –ø–æ–µ—Å—Ç—å –±—é–¥–∂–µ—Ç–Ω–æ.,ChIJA_AwTgs7lkYRT44RIg8Wob8
–°–æ–≤–µ—Ç—É—é!!!),ChIJA_AwTgs7lkYRT44RIg8Wob8
–•–æ—Ä–æ—à–µ–µ –º–µ—Å—Ç–æ,ChIJA_AwTgs7lkYRT44RIg8Wob8
–ú–Ω–µ –≤—Å—ë –ø–æ–Ω—Ä–∞–≤–∏–ª–æ—Å—å,ChIJA_AwTgs7lkYRT44RIg8Wob8
–ö–ª–µ–≤–æ–µ –º–µ—Å—Ç–µ—á–∫–æ,ChIJA_AwTgs7lkYRT44RIg8Wob8
"–ë—ã–ª–∞ —Ç–∞–º —Å –ø–æ–¥—Ä—É–≥–∞–º–∏ –Ω–µ–¥–∞–≤–Ω–æ.–ü–æ–Ω—Ä–∞–≤–∏–ª–æ—Å—å –≤—Å–µ ,–æ—Ç–∑—ã–≤—á–∏–≤—ã–π –ø–µ—Ä—Å–æ–Ω–∞–ª .–¥–µ–≤–æ—á–∫–∏ –æ—Ñ–∏—Ü–∏–∞–Ω—Ç–∫–∏ –æ—á–µ–Ω—å –≤–Ω–∏–º–∞—Ç–µ–ª—å–Ω—ã–µ, –∑–∞–∫–∞–∑–∞–ª–∏ –∫–∞–ª—å—è–Ω —Ç–∞–∫ –∫–∞–ª—å—è–Ω—â–∏–∫ —Å–∞–º –ø–æ–¥–æ—à–µ–ª –∫ –Ω–∞–º –∏ –ø—Ä–µ–¥–ª–æ–∂–∏–ª —Ä–∞–∑–ª–∏—á–Ω—ã–µ –≤–∞—Ä–∏–∞–Ω—Ç—ã –≤–∫—É—Å–Ω–æ–≥–æ –∫–∞–ª—å—è–Ω–∞.
–ê –µ—â–µ –¥–µ–≤—É—à–∫–∞ –õ–∏–¥–∏—è –∏—Å–ø–æ–ª–Ω—è–ª–∞ –≤ –∂–∏–≤—É—é ‚Ä¶",ChIJA_AwTgs7lkYRT44RIg8Wob8
"–ü–µ—Ä–≤—ã–π —Ä–∞–∑ –ø—Ä–∏—à–ª–∏ –≤ —ç—Ç–æ—Ç —Ä–µ—Å—Ç–æ—Ä–∞–Ω. –ë—ã–ª–∏ –ø—Ä–∏—è—Ç–Ω–æ —É–¥–∏–≤–ª–µ–Ω—ã –æ–±—Å–ª—É–∂–∏–≤–∞–Ω–∏–µ–º,–∫—É—Ö–Ω–µ–π,  –∏ –∂–∏–≤–æ–π –º—É–∑—ã–∫–æ–π.  –°–ø–∞—Å–∏–±–æ –õ–∏–¥–∏–∏ –∑–∞ –ø—Ä–µ–∫—Ä–∞—Å–Ω—ã–π –≤–µ—á–µ—Ä. –°–æ–≤–µ—Ç—É–µ–º –≤—Å–µ–º.",ChIJA_AwTgs7lkYRT44RIg8Wob8
–º–Ω–µ –ø–æ–Ω—Ä–∞–≤–∏–ª–æ—Å—å  –î—É—à–µ–≤–Ω–æ –∏ —É—é—Ç–Ω–æ. –ü—Ä–æ—Å—Ç–æ—Ä–Ω–æ. –í–∫—É—Å–Ω–æ.,ChIJA_AwTgs7lkYRT44RIg8Wob8
"–û—Ç–ª–∏—á–Ω–æ–µ  –º–µ—Å—Ç–µ—á–∫–æ,–æ—á–µ–Ω—å –¥—Ä—É–∂–µ–ª—é–±–Ω—ã–π –ø–µ—Ä—Å–æ–Ω–∞–ª,–æ—á–µ–Ω—å –∞—Ç–º–æ—Å—Ñ–µ—Ä–Ω–æ ,–∞–∂ –Ω–µ —Ö–æ—á–µ—Ç—Å—è –ø–æ–∫–∏–¥–∞—Ç—å —ç—Ç–æ —á—É–¥–µ—Å–Ω–æ–µ –º–µ—Å—Ç–æ,–∞ –Ω–∞ —Ñ–æ–Ω–µ –≤—Å–µ–≥–¥–∞ –∏–≥—Ä–∞–µ—Ç –∑–∞–º–µ—á–∞—Ç–µ–ª—å–Ω–∞—è –º—É–∑—ã–∫–∞,–ø—Ä–µ–∫—Ä–∞—Å–Ω–∞—è –ø–µ–≤–∏—Ü–∞,–ø–æ–µ—Ç –æ—Ç –≤—Å–µ–≥–æ —Å–µ—Ä–¥—Ü–∞!!!!–û–±—è–∑–∞—Ç–µ–ª—å–Ω–æ –ø—Ä–∏—Ö–æ–¥–∏—Ç–µ!!",ChIJA_AwTgs7lkYRT44RIg8Wob8
"–•–æ—Ä–æ—à–æ–µ –∑–∞–≤–µ–¥–µ–Ω–∏–µ,–æ—Ç–ª–∏—á–Ω—ã–π –∞–ª–∫–æ–≥–æ–ª—å,–Ω–µ –ø–ª–æ—Ö–∏–µ –∫–∞–ª—å—è–Ω—ã",ChIJA_AwTgs7lkYRT44RIg8Wob8
–í—Å–µ —Å—É–ø–µ—Ä,ChIJA_AwTgs7lkYRT44RIg8Wob8
"–í—Å–µ –±—ã–ª–æ —Å—É–ø–µ—Ä, –∫—É—Ö–Ω—è –Ω–∞ –≤—ã—Å—à–µ–º —É—Ä–æ–≤–Ω–µ!! –ü—Ä–∏—Ö–æ–¥–∏—Ç–µ, –Ω–µ –ø–æ–∂–∞–ª–µ–µ—Ç–µ.",ChIJA_AwTgs7lkYRT44RIg8Wob8
"–ú–∞–Ω–≥–æHoll –æ–¥–Ω–æ –∏–∑ —Å–∞–º—ã—Ö –ª—É—á—à–∏—Ö –∑–∞–≤–µ–¥–µ–Ω–∏–π.–£—é—Ç–Ω–æ,–∫–æ–º—Ñ–æ—Ä—Ç–Ω–æ.–õ—é–±–ª—é –≤–∞—Å‚ù§Ô∏è",ChIJA_AwTgs7lkYRT44RIg8Wob8
–û—Ç–ª–∏—á–Ω–æ–µ –º–µ—Å—Ç–æ –≤ –∫–æ—Ç–æ—Ä–æ–º –º–æ–∂–Ω–æ –æ—Ç–¥–æ—Ö–Ω—É—Ç—å –∏ —Ä–∞—Å—Å–ª–∞–±–∏—Ç—å—Å—è.,ChIJA_AwTgs7lkYRT44RIg8Wob8
"–û—Ç–ª–∏—á–Ω–æ–µ –∑–∞–≤–µ–¥–µ–Ω–∏–µ,–≤–µ–ª–∏–∫–æ–ª–µ–ø–Ω—ã–π –ø–µ—Ä—Å–æ–Ω–∞–ª.
–•–æ–∂—É –∫–∞–∂–¥—ã–µ –≤—ã—Ö–æ–¥–Ω—ã–µ –∏ –±—É–¥—É –•–æ–¥–∏—Ç—åüòöüíï
–ü—Ä–æ–¥–æ–ª–∂–∞–π—Ç–µ –≤ —Ç–æ–º –∂–µ –¥—É—Ö–µüòç‚ù§",ChIJA_AwTgs7lkYRT44RIg8Wob8
"–ó–∞–º–µ–π—á–∞—Ç–µ–ª—å–Ω—ã–π –ø–µ—Ä—Å–æ–Ω–∞–ª, –æ—Ç–ª–∏—á–Ω–∞—è –º—É–∑—ã–∫–∞ –∏ –ø—Ä–µ–∫—Ä–∞—Å–Ω—ã–µ –∫–∞–ª—å—è–Ω—ã ‚ù§Ô∏èü•∞",ChIJA_AwTgs7lkYRT44RIg8Wob8
"–ß–∞—Å—Ç–æ –ø–æ—Å–µ—â–∞—é —ç—Ç–æ –º–µ—Å—Ç–æ –∏ –≤—Å–µ–≥–¥–∞ –¥–æ–≤–æ–ª–µ–Ω . –†–∞–Ω—å—à–µ –Ω–µ –æ—á–µ–Ω—å –ª—é–±–∏–ª –∫–∞–ª—å—è–Ω—ã ,–Ω–æ –ø–æ—Å–ª–µ —Ç–æ–≥–æ –∫–∞–∫ –º–æ–∏ –¥—Ä—É–∑—å—è –∑–∞–∫–∞–∑–∞–ª–∏ –µ–≥–æ —É –º–æ–ª–æ–¥–æ–≥–æ —á–µ–ª–æ–≤–µ–∫–∞ –ø–æ –∏–º–µ–Ω–∏ –†–æ–º–∞–Ω —è —Å—Ç–∞–ª –æ—Ç–Ω–æ—Å–∏—Ç—å—Å—è –∫ –∫–∞–ª—å—è–Ω–∞–º –ø–æ-–¥—Ä—É–≥–æ–º—É  –º–Ω–µ , –†–æ–º–∞–Ω —Ä–µ–¥–∫–æ —Ç–∞–º –±—ã–≤–∞–µ—Ç –∫–∞–∫ —Ä–∞–±–æ—Ç–Ω–∏–∫ ,–Ω–æ ‚Ä¶",ChIJA_AwTgs7lkYRT44RIg8Wob8
"–°–∞–º–æ–µ –ª—É—á—à–µ–µ –∑–∞–≤–µ–¥–µ–Ω–∏–µ, —Å—É–ø–µ—Ä –æ–±—Å–ª—É–∂–∏–≤–∞–Ω–∏–µ, –¥–∞–∂–µ –±–æ–ª—å—à–µ 5 –∑–≤–µ–∑–¥, –º—É–∑—ã–∫–∞ –ø–æ–¥—Ö–æ–¥–∏—Ç –¥–ª—è –≤—Å–µ—Ö –≤–æ–∑—Ä–∞—Å—Ç–æ–≤ –∏ –ø–æ–∫–æ–ª–µ–Ω–∏–π.",ChIJA_AwTgs7lkYRT44RIg8Wob8
"–ü—Ä–µ–∫—Ä–∞—Å–Ω–æ–µ –∑–∞–≤–µ–¥–µ–Ω–∏–µ! –û—á–µ–Ω—å –¥—Ä—É–∂–µ–ª—é–±–Ω–∞—è –æ—Ö—Ä–∞–Ω–∞, —Å–∞–º—ã–µ –ª—É—á—à–∏–µ –æ—Ñ–∏—Ü–∏–∞–Ω—Ç—ã –∏ –∞–¥–º–∏–Ω–∏—Å—Ç—Ä–∞—Ç–æ—Ä) –∫—Ä—É—Ç–æ–π —Ç–∞–Ω—Ü–ø–æ–ª —Å –º—É–∑—ã–∫–æ–π –¥–ª—è –ª—é–±–æ–≥–æ –ø–æ–∫–æ–ª–µ–Ω–∏—è) –ë–æ–ª—å—à–æ–π –≤—ã–±–æ—Ä –Ω–∞–ø–∏—Ç–∫–æ–≤ –∞ —Ç–∞–∫–∂–µ –≤–∫—É—Å–Ω–∞—è –ø–∏—Ü—Ü–∞ –≤–∞–º –æ–±–µ—Å–ø–µ—á–µ–Ω—ã) –¢–∞–∫–∂–µ –µ—Å—Ç—å –≤–æ–∑–º–æ–∂–Ω–æ—Å—Ç—å –∑–∞–∫–∞–∑–∞—Ç—å –∫–∞–ª—å—è–Ω –ª—é–±–æ–≥–æ –≤–∫—É—Å–∞ –∏ –∫—Ä–µ–ø–æ—Å—Ç–∏ –ø–æ–¥ –æ—á–µ–Ω—å –≤–∫—É—Å–Ω—ã–µ –∫–æ–∫—Ç–µ–π–ª–∏))—Å–∞–º–æ–µ –ª—É—á—à–µ–µ –∑–∞–≤–µ–¥–µ–Ω–∏–µ))",ChIJA_AwTgs7lkYRT44RIg8Wob8
–ì–æ–ª–æ–≤–∞ –±–æ–ª–∏—Ç,ChIJA_AwTgs7lkYRT44RIg8Wob8
"–ü—Ä–µ–∫—Ä–∞—Å–Ω–æ–µ –∑–∞–≤–µ–¥–µ–Ω–∏–µ, –ø–æ–¥–æ–π–¥—ë—Ç –∞–±—Å–æ–ª—é—Ç–Ω–æ –¥–ª—è –ª—é–±–æ–≥–æ —Å–ª—É—á–∞—è –∏ –ø–æ–≤–æ–¥–∞. –û–≥—Ä–æ–º–Ω—ã–π –≤—ã–±–æ—Ä –∫–æ–∫—Ç–µ–π–ª–µ–π –∫–∞–∫ –∞–ª–∫–æ–≥–æ–ª—å–Ω—ã—Ö, —Ç–∞–∫ –∏ –±–µ–∑) –≤–∫—É—Å–Ω–∞—è –µ–¥–∞, –µ—Å—Ç—å –∏–∑ —á–µ–≥–æ –≤—ã–±—Ä–∞—Ç—å. –í –ø—è—Ç–Ω–∏—Ü—É –∏ –≤ —Å—É–±–±–æ—Ç—É –¥–∏—Å–∫–æ—Ç–µ–∫–∏ –¥–æ 6 —É—Ç—Ä–∞, –º—É–∑—ã–∫–∞ —Ç–∞–∫–∂–µ –Ω–∞ –ª—é–±–æ–π –≤–∫—É—Å. –ö–∞–ª—å—è–Ω—ã –¥—ã–º–Ω—ã–µ –∏ –≤–∫—É—Å–Ω—ã–µ, —Å–æ–≤–µ—Ç—É—é.",ChIJA_AwTgs7lkYRT44RIg8Wob8
–ü—Ä–µ—Ç–µ–Ω–∑–∏–π –Ω–∏–∫–∞–∫–∏—Ö,ChIJA_AwTgs7lkYRT44RIg8Wob8
"–û—á–µ–Ω—å —É—é—Ç–Ω–æ–µ –º–µ—Å—Ç–µ—á–∫–æ,–±–æ–ª—å—à–æ–µ –∫–æ–ª–∏—á–µ—Å—Ç–≤–æ –∞–ª–∫–æ–≥–æ–ª—å–Ω–æ–π –ø—Ä–æ–¥—É–∫—Ü–∏–∏.
–û–±—â–∏—Ç–µ–ª—å–Ω—ã–π –ø–µ—Ä—Å–æ–Ω–∞–ª,–±–∞—Ä–º–µ–Ω—ã –ø–æ–¥–¥–µ—Ä–∂–∞—Ç —Ä–∞–∑–≥–æ–≤–æ—Ä,—É–ª—ã–±—á–∏–≤—ã–µ –æ—Ñ–∏—Ü–∏–∞–Ω—Ç—ã –∏ –≤–Ω–∏–º–∞—Ç–µ–ª—å–Ω—ã –∫ –æ–±—Å–ª—É–∂–∏–≤–∞–Ω–∏—é!
–û—Ö—Ä–∞–Ω–∞ —Å–ª–µ–¥–∏—Ç –∑–∞ –ø–æ—Ä—è–¥–∫–æ–º! –í–∫—É—Å–Ω–∞—è –∏ —à–∏–∫–∞—Ä–Ω–∞—è –µ–¥–∞. –ü—Ä–∏—Ö–æ–¥–∏—Ç–µ –Ω–∞ –≤—ã—Ö–æ–¥–Ω—ã—Ö –æ—Ç–¥—ã—Ö–∞—Ç—å,–º—É–∑—ã–∫–∞ –ø—Ä–æ—Å—Ç–æ –≤–∞—Ö! –ü–æ—Ç–∞–Ω—Ü—É–µ—Ç–µ,–æ—Ç–¥–æ—Ö–Ω—ë—Ç–µ –Ω–∞ –≤—Å–µ 100%!!
–°–æ–≤–µ—Ç—É—é –≤–∞–º —ç—Ç–æ –∑–∞–≤–µ–¥–µ–Ω–∏–µ",ChIJA_AwTgs7lkYRT44RIg8Wob8
–ù–µ –ø–ª–æ—Ö–∞—è –º—É–∑—ã–∫–∞!–£–¥–æ–±–Ω–æ–µ –º–µ—Å—Ç–æ –¥–ª—è –∫—É—Ä–µ–Ω–∏—è!,ChIJA_AwTgs7lkYRT44RIg8Wob8
"–ö–∞–ª—å—è–Ω—ã,–∫–æ–∫—Ç–µ–π–ª–∏,–≤–∫—É—Å–Ω–∞—è –µ–¥–∞!",ChIJA_AwTgs7lkYRT44RIg8Wob8
–•–æ—Ä—à–µ–µ –∑–∞–≤–µ–¥–µ–Ω–∏–µ!,ChIJA_AwTgs7lkYRT44RIg8Wob8
–í—Å–µ –≤–µ–ª–∏–∫–æ–ª–µ–ø–Ω–æ,ChIJA_AwTgs7lkYRT44RIg8Wob8
"(–ü–µ—Ä–µ–≤–µ–¥–µ–Ω–æ Google) —á—Ç–æ

(–û—Ä–∏–≥–∏–Ω–∞–ª)
–î–∞",ChIJA_AwTgs7lkYRT44RIg8Wob8
"–í—Ç–æ—Ä–æ–π –∑–∞–ª –ø—Ä–µ–∫—Ä–∞—Å–µ–Ω!! –ö—É—Ä–∏—Ç—å —Ç–∞–º –∫–∞–ª—å—è–Ω—ã –æ–¥–Ω–æ —É–¥–æ–≤–æ–ª—å—Å—Ç–≤–∏–µ), –µ—Å—Ç—å –∏–≥—Ä–æ–≤–∞—è –ø—Ä–∏—Å—Ç–∞–≤–∫–∞!?!üòãüòú –ü—Ä–∏—Ö–æ–¥–∏—Ç–µ –ø—Ä–æ–≤–µ—Å—Ç–∏ –≤—Ä–µ–º—è —Å –∫–æ–º–ø–∞–Ω–∏–µ–π. –ü—Ä–æ–¥–æ–ª–∂–∞–π—Ç–µ —Ä–∞–∑–≤–∏–≤–∞—Ç—å—Å—è –≤ —Ç–æ–º –∂–µ –¥—É—Ö–µüëç",ChIJA_AwTgs7lkYRT44RIg8Wob8
"–ñ–∞–ª—å, —á—Ç–æ –Ω–µ –∫—Ä—É–≥–ª–æ—Å—É—Ç–æ—á–Ω—ã–π, –∞ —Ç–∞–∫, –ø–æ—Å–∏–¥–µ—Ç—å –º–æ–∂–Ω–æ, –ø–æ—Ç–∞–Ω—Ü–µ–≤–∞—Ç—å, –≤—ã–ø–∏—Ç—å",ChIJA_AwTgs7lkYRT44RIg8Wob8
–ú–º–º...,ChIJA_AwTgs7lkYRT44RIg8Wob8
"–ë–∏—á—É–∂–Ω–∏–∫,  –µ–¥–∞ –Ω–µ –≤–∫—É—Å–Ω–∞—è.  –°–æ–±–∏—Ä–∞—é—Ç—Å—è –æ–¥–Ω–∏ –≥–æ–ø–Ω–∏–∫–∏ –ø—Ä–∞–∫—Ç–∏—á–µ—Å–∫–∏. –ï—Å–ª–∏ —Ö–æ—Ç–µ–ª–∏ –¥–µ—à—ë–≤–æ –Ω–∞–∂—Ä–∞—Ç—å—Å—è –∏ —É—Å—Ç—Ä–æ–∏—Ç—å –¥–µ–±–æ—à—å, –ø–æ–ª—É—á–∏—Ç—å –ª—é–ª–µ–π –≤–∞–º —Å—é–¥–∞...–∫–∞–∫ —Å–ø—è—Ç –ª—é–¥–∏,  –∫–æ—Ç–æ—Ä—ã–µ —Ä—è–¥–æ–º –∂–∏–≤—É—Ç?  –£–∂–∞—Å.",ChIJA_AwTgs7lkYRT44RIg8Wob8
–û—Ç—Å—Ç–æ–π–Ω–∏–∫,ChIJA_AwTgs7lkYRT44RIg8Wob8
"–ì–∞–¥—é–∂–Ω–∏–∫, –≥–¥–µ –æ—Å–Ω–æ–≤–Ω—É—é –º–∞—Å—Å—É —Å–æ—Å—Ç–∞–≤–ª—è—é—Ç –≥—Ä–∞–∂–¥–∞–Ω–µ –°–ù–ì. –ü–æ–∑–∏—Ü–∏–æ–Ω–∏—Ä—É—é—Ç —Å–µ–±—è, –∫–∞–∫ —Ä–µ—Å—Ç–æ—Ä–∞–Ω, –Ω–æ –ø–æ —Ñ–∞–∫—Ç—É, –ø—Ä–æ—Å—Ç–∞—è –∑–∞–±–µ–≥–∞–ª–æ–≤–∫–∞. –£–∫—Ä–∞—Å—Ç—å —á—Ç–æ —Ç–æ —É –∫–ª–∏–µ–Ω—Ç–æ–≤, —Å—Ç–∞–Ω–¥–∞—Ä—Ç–Ω–∞—è –ø—Ä–∞–∫—Ç–∏–∫–∞.–£ –º–µ–Ω—è —Ç–µ–ª–µ—Ñ–æ–Ω —É–∫—Ä–∞–ª–∏, —É –∑–Ω–∞–∫–æ–º–æ–≥–æ –∫–∞—Ä—Ç—É –∏ –≤–æ—Å–ø–æ–ª—å–∑–æ–≤–∞–ª–∏—Å—å –µ–π.",ChIJA_AwTgs7lkYRT44RIg8Wob8
"–°–æ–≤–µ—Ä—à–µ–Ω–Ω–æ –Ω–µ –ø–æ–Ω—Ä–∞–≤–∏–ª–æ—Å—å –¥–∞–Ω–Ω–æ–µ –∑–∞–≤–µ–¥–µ–Ω–∏–µ. –ó–∞—à—ë–ª —Ç—É–¥–∞ –∏ –∫–∞–∫ –±—É–¥—Ç–æ –ø–æ–ø–∞–ª –≤ –°—Ä–µ–¥–Ω—é—é –ê–∑–∏—é, —Å–æ –≤—Å–µ–º–∏ –≤—ã—Ç–µ–∫–∞—é—â–∏–º–∏.",ChIJA_AwTgs7lkYRT44RIg8Wob8
–ú–Ω–æ–≥–æ –¥—Ä–∞–∫,ChIJA_AwTgs7lkYRT44RIg8Wob8
–ù–æ—Ä–º–∞–ª—å–Ω—ã–π –º–µ—Å—Ç–Ω—ã–π —Ä–µ—Å—Ç–æ—Ä–∞–Ω—á–∏–∫,ChIJA_AwTgs7lkYRT44RIg8Wob8
"–ó–∞–∫–∞–∑ –º—É–∑—ã–∫–∏ –ø–ª–∞—Ç–Ω—ã–π, –µ–¥—É –Ω–µ –≥–æ—Ç–æ–≤—è—Ç, —Ç–æ–ª—å–∫–æ –∑–∞–∫—É—Å–∫–∏",ChIJA_AwTgs7lkYRT44RIg8Wob8
"–ï–¥–∞ –Ω–µ–ø–ª–æ—Ö–∞—è, –æ–±—Å–ª—É–∂–∏–≤–∞–Ω–∏–µ –∫—Ä–∞–π–Ω–µ –Ω–µ—Ç–æ—Ä–æ–ø–ª–∏–≤–æ–µ. –ù–µ –¥–ª—è –≤–∑—ã—Å–∫–∞—Ç–µ–ª—å–Ω—ã—Ö –∫–ª–∏–µ–Ω—Ç–æ–≤. –¶–µ–Ω—ã —Ä–∞–∑–Ω—ã–µ, –≤ —Ü–µ–ª–æ–º, –Ω–µ–¥–æ—Ä–æ–≥–æ.",ChIJA_AwTgs7lkYRT44RIg8Wob8
–ù–æ—Ä–º–∞–ª—å–Ω–æ !,ChIJA_AwTgs7lkYRT44RIg8Wob8
–ë–æ–ª—å—à–∏ 3–Ω–µ –∑–∞—Å–ª—É–∂–∏–≤–∞–µ—Ç.1–ø–æ–º–µ—â–µ–Ω–∏–µ –±–æ–ª—å—à–æ–µ –Ω–æ –Ω–µ —É—é—Ç–Ω–æ–µ 2 –∂–¥–∞–ª–∏ —Å–∞–ª–∞—Ç 35–º–∏–Ω.–∏ –≤ –¶–µ–∑–∞—Ä–µ –±—ã–ª–∏ –æ–¥–Ω–∏ —Å—É—Ö–∞—Ä–∏ –∏ –ª–∏—Å—Ç—å—è –∫—Ä–∏–≤–µ—Ç–∫–∏ 4 —à—Ç..3 –∂–∏–≤–∞—è –º—É–∑—ã–∫–∞ —É–∂–∞—Å —Ö–æ—Ç–µ–ª–æ—Å—å –∑–∞–ø–ª–∞—Ç–∏—Ç—å —á—Ç–æ–±—ã –Ω–µ –ø–µ–ª–∞ 4 –æ—Ñ–∏—Ü–∏–∞–Ω—Ç–∫–∞ –∫–∞–∫ –∏–∑ —Ñ–∏–ª—å–º–∞ —É–∂–∞—Å–∞ –∏ –º–µ–Ω—é –Ω–µ –∑–Ω–∞–µ—Ç 5 –∞ –≤–æ—Ç —à–∞—à–ª—ã–∫ –æ—á–µ–Ω—å –≤–∫—É—Å–Ω—ã–π....,ChIJA_AwTgs7lkYRT44RIg8Wob8
"–û—Ç–ª–∏—á–Ω—ã–π –∫–∞–ª—å—è–Ω,–Ω–æ —Å–∫—É–¥–Ω–æ–µ –º–µ–Ω—é,–º–∞–ª–µ–Ω—å–∫–∏–µ –ø–æ—Ä—Ü–∏–∏,–Ω–µ –≤—Å–µ–≥–¥–∞ –≥–æ—Ç–æ–≤–∞—è –µ–¥–∞,—Å—Ä–µ–¥–Ω–∏–π —á–µ–∫ 1500 —Ä—É–±",ChIJA_AwTgs7lkYRT44RIg8Wob8
"–ö–∞—Ä–∞–æ–∫–µ,–∫–∞–ª—å—è–Ω,–º—É–∑—ã–∫–∞, —Ç–∞–Ω—Ü—ã)))–æ—á–µ–Ω—å –¥–∞–∂–µ –Ω–µ –ø–ª–æ—Ö–æ )",ChIJA_AwTgs7lkYRT44RIg8Wob8
"–•–æ—Ä–æ—à–∞—è –∞—Ç–º–æ—Å—Ñ–µ—Ä–∞, –Ω–µ–ø–ª–æ—Ö–æ–π –±–∞—Ä, –≥—Ä–æ–º–∫–∞—è —Ç–∞–Ω—Ü–µ–≤–∞–ª—å–Ω–∞—è –º—É–∑—ã–∫–∞ —Å —Ä–µ–¥–∫–∏–º–∏ –≤–∫–ª—é—á–µ–Ω–∏—è–º–∏ –¥–∏—Å–∫–æ—Ç–µ–∫–∏ 90-—Ö",ChIJA_AwTgs7lkYRT44RIg8Wob8
"–ú–æ–∂–Ω–æ –ø–æ—Ç–∞–Ω—Ü–µ–≤–∞—Ç—å —Å –ø–æ–¥—Ä—É–∂–∫–∞–º–∏, –≤–∫—É—Å–Ω—ã–µ —Å–∞–ª–∞—Ç–∏–∫))",ChIJA_AwTgs7lkYRT44RIg8Wob8
–ù–µ –±—ã–ª –Ω–µ —Ä–∞–∑—É –¥—É–º–∞—é —Ç–∞–º –Ω–µ —á–µ–≥–æ —Ö–æ—Ä–æ—à–µ–≥–æ.–≤–∏—Å–∏—Ç —Ä–µ–∫–ª–∞–º–∞ —á—Ç–æ –≤ –ø—Ä–æ–¥–∞–∂–µ —à–∞—É—Ä–º–∞,ChIJA_AwTgs7lkYRT44RIg8Wob8
–í—Ö–æ–¥ –¥–æ—Ä–æ–≥–æ–π),ChIJA_AwTgs7lkYRT44RIg8Wob8
–û—Ç–ª–∏—á–Ω–æ,ChIJA_AwTgs7lkYRT44RIg8Wob8
–ú–Ω–µ –æ—á–µ–Ω—å –ø–æ–Ω—Ä–∞–≤–∏–ª–æ—Å—å,ChIJA_AwTgs7lkYRT44RIg8Wob8
–ü–∞—Ä–∫–æ–≤–∫–∞ –ø–æ–¥–∑–µ–º–Ω–∞—è —É–¥–æ–±–Ω–∞—è,ChIJA_AwTgs7lkYRT44RIg8Wob8
"–ö—Ä–∞—Å–∏–≤–æ, —á–∏—Å—Ç–æ, –Ω–µ –¥–æ—Ä–æ–≥–æ, –ø—Ä–µ–∫—Ä–∞—Å–Ω—ã–π –ø–µ—Ä—Å–æ–Ω–∞–ª.",ChIJA_AwTgs7lkYRT44RIg8Wob8
"–•–æ—Ä–æ—à–µ–µ –º–µ—Å—Ç–æ. –ú–æ–∂–Ω–æ –ø–æ—Ç–∞–Ω—Ü–µ–≤–∞—Ç—å. –ú–µ–Ω—é –Ω–µ–¥–æ—Ä–æ–≥–æ–µ. –ü—Ä–∏—Ö–æ–¥–∏—Ç—å –ª—É—á—à–µ –ø–æ—Å–ª–µ 10 –≤–µ—á–µ—Ä–∞,–∫–æ–≥–¥–∞ –∑–∞–∫–∞–Ω—á–∏–≤–∞–µ—Ç—Å—è –∂–∏–≤–∞—è –º—É–∑—ã–∫–∞. –ü–µ–≤–∏—Ü–∞ –ø–µ—Ç—å –Ω–µ —É–º–µ–µ—Ç. –ï—Å—Ç—å –∫–∞–ª—å—è–Ω –∏ —Ç–µ—Ä—Ä–∞—Å–∞",ChIJA_AwTgs7lkYRT44RIg8Wob8
"–û—Ç–ª–∏—á–Ω–æ–µ –∑–∞–≤–µ–¥–µ–Ω–∏–µ. –ù–µ–¥–æ—Ä–æ–≥–æ–π –∫–∞–ª—å—è–Ω, —Ü–µ–Ω—ã –≤ –º–µ–Ω—é –æ—á–µ–Ω—å –¥–µ–º–æ–∫—Ä–∞—Ç–∏—á–Ω—ã, –µ–¥–∞ –∏ –Ω–∞–ø–∏—Ç–∫–∏ –≤–∫—É—Å–Ω—ã–µ , –æ–±—Å–ª—É–∂–∏–≤–∞–Ω–∏–µ –æ—Ç–ª–∏—á–Ω–æ–µ .  –ï—Å—Ç—å —Ç–∞–Ω—Ü–ø–æ–ª , —Ç–µ—Ä—Ä–∞—Å–∞.–£—é—Ç–Ω–æ–µ –∑–∞–≤–µ–¥–µ–Ω–∏–µ.",ChIJA_AwTgs7lkYRT44RIg8Wob8
–í–∫—É—Å–Ω–∞—è –µ–¥–∞. –ù–µ–≤—ã—Å–æ–∫–∏–µ —Ü–µ–Ω—ã. –ï—Å—Ç—å —Ç–∞–Ω—Ü–ø–æ–ª –∏ –º—É–∑—ã–∫–∞.,ChIJA_AwTgs7lkYRT44RIg8Wob8
–ó–∞–º–µ—á–∞—Ç–µ–ª—å–Ω–æ –ø—Ä–æ—à–µ–ª –∫–æ—Ä–ø–æ—Ä–∞—Ç–∏–≤.,ChIJA_AwTgs7lkYRT44RIg8Wob8
"–î–µ—à–µ–≤–æ –∏ —Å–µ—Ä–¥–∏—Ç–æ, –≤ –ø–æ–ª–Ω–æ—á—å –ø—Ä–∏—Ö–æ–¥–∏—Ç –º–Ω–æ–≥–æ –Ω–æ—Å–æ—Ä–æ–≥–æ–≤.",ChIJA_AwTgs7lkYRT44RIg8Wob8
–î–∏—Å–∫–æ—Ç–µ–∫–∞ 90-√ó,ChIJA_AwTgs7lkYRT44RIg8Wob8
–î–∏—Å–∫–æ—Ç–µ–∫–∞ –ø—è—Ç–Ω–∏—Ü–∞ —Å—É–±–±–æ—Ç–∞.,ChIJA_AwTgs7lkYRT44RIg8Wob8
"–ó–∞–≤–µ–¥–µ–Ω–∏—è –Ω–∞ –≤—ã—Å—à–µ–º —É—Ä–æ–≤–Ω–µ, –≥–æ—Ç–æ–≤—è—Ç –±—ã—Å—Ç—Ä–æ –∏ –≤–∫—É—Å–Ω–æ, –∫–∞–ª—å—è–Ω—ã –∫—É—Ä—é –Ω–∞ –ø–æ—Å—Ç–æ—è–Ω–Ω–æ–π –æ—Å–Ω–æ–≤–µ –∏ –≤—Å–µ–º –¥–æ–≤–æ–ª—å–Ω–∞, –æ—Å–æ–±–µ–Ω–Ω–æ —Ä–µ–∫–æ–º–µ–Ω–¥—É—é –≤—Ç–æ—Ä–æ–π –∑–∞–ª –¥–ª—è –ø–æ—Å–µ—â–µ–Ω–∏—è",ChIJA_AwTgs7lkYRT44RIg8Wob8
"–û—á–µ–Ω—å —É—é—Ç–Ω–∞—è –∞—Ç–º–æ—Å—Ñ–µ—Ä–∞, –≤–∫—É—Å–Ω—ã–µ –∫–æ–∫—Ç–µ–π–ª–∏ –ø–æ –¥–æ—Å—Ç—É–ø–Ω–æ–π —Ü–µ–Ω–µ, –Ω–µ–ø–ª–æ—Ö–æ–π –∫–∞–ª—å—è–Ω. —è –æ—Å—Ç–∞–ª–∞—Å—å –¥–æ–≤–æ–ª—å–Ω–∞ , —Å–ø–∞—Å–∏–±–æ :)",ChIJA_AwTgs7lkYRT44RIg8Wob8
–û—á–µ–Ω—å –≤–∫—É—Å–Ω—ã–π –±–∏–∑–Ω–µ—Å-–ª–∞–Ω—á. –†–µ–∫–æ–º–µ–Ω–¥—É—é.,ChIJA_AwTgs7lkYRT44RIg8Wob8
"–ú–Ω–µ —Ä–∞—Å—Å–∫–∞–∑–∞–ª–∏ –ø—Ä–æ –≤–∫—É—Å–Ω—ã–π —à–∞—à–ª—ã–∫–∏ —è —Ä–µ—à–∏–ª–∞ –ø—Ä–æ–≤–µ—Ä–∏—Ç—å, –¥–∞ –æ–Ω —Ç–∞–º –Ω–µ–≤–µ—Ä–æ—è—Ç–Ω—ã–π üòã. –ü—Ä–∏—è—Ç–Ω–∞—è –æ–±—Å—Ç–∞–Ω–æ–≤–∫–∞, —É—é—Ç–Ω–æ –∏ –Ω–µ –¥–æ—Ä–æ–≥–æ. –ù–∞–ø–∏—Ç–∫–∏ –Ω–∞ —Ä–∞–∑–ª–∏–≤ –ª—É—á—à–µ –Ω–µ –∑–∞–∫–∞–∑—ã–≤–∞—Ç—å. –ü–æ–ø—Ä–æ—Å–∏–ª–∞ –∫–æ–ª—É, –∞ –æ–Ω–∞ –æ–∫–∞–∑–∞–ª–∞—Å—å ""—Å –≤—ã–¥–µ—Ä–∂–∫–æ–π"" —Ç. –µ. –±–µ–∑ –≥–∞–∑–∞.",ChIJA_AwTgs7lkYRT44RIg8Wob8
"–ë—ã—Å—Ç—Ä–æ–µ –æ–±—Å–ª—É–∂–∏–≤–∞–Ω–∏–µ
–í—Ç–æ—Ä–æ–π –∑–∞–ª –æ—á–µ–Ω—å –∫–ª–∞—Å—Å–Ω—ã–π",ChIJA_AwTgs7lkYRT44RIg8Wob8
